[
  {
    "question": "How many departments are in Green University?",
    "answer": "Green University of Bangladesh has 8 departments: 1) Computer Science and Engineering (CSE), 2) Electrical and Electronic Engineering (EEE), 3) Textile Engineering, 4) Business Administration (BBA), 5) Law (LLB), 6) English, 7) Journalism and Media Communication, 8) Sociology. These departments offer both undergraduate and graduate programs.",
    "keywords": ["departments", "how many", "faculties", "number of departments", "total departments", "list departments"],
    "question_variations": [
      "How many departments in Green University?",
      "Number of departments at GUB?",
      "List of departments?",
      "How many faculties at Green University?",
      "Total departments in Green University?",
      "What departments does Green University have?"
    ],
    "confidence_score": 1.0,
    "categories": ["departments", "general_info", "programs_courses"],
    "priority": "high"
  },
  {
    "question": "What is the Green University admission contact number?",
    "answer": "For admission inquiries at Green University of Bangladesh, please contact: Phone: 01775234234 or 02-9116774. Email: admission@green.edu.bd. Website: https://green.edu.bd. Office Hours: Sunday to Thursday, 9:00 AM to 5:00 PM.",
    "keywords": ["contact", "phone", "admission", "number", "call", "green university", "gub", "enquiry"],
    "question_variations": [
      "Green University phone number?",
      "How to contact Green University?",
      "Admission office phone?",
      "GUB contact details?",
      "University admission helpline?"
    ],
    "confidence_score": 1.0,
    "categories": ["contact_info", "admission", "general_info"],
    "priority": "high"
  },
  {
    "question": "What programs are offered at Green University?",
    "answer": "Green University of Bangladesh offers the following programs: Undergraduate: BSc in Computer Science and Engineering (CSE), BSc in Electrical and Electronic Engineering (EEE), BBA (Business Administration), BA (Hons) in English, LLB (Hons) in Law, BSc in Textile Engineering, BA in Journalism and Media Communication, BA in Sociology. Graduate programs are also available. Contact admission office for complete list.",
    "keywords": ["programs", "courses", "offered", "departments", "degrees", "undergraduate", "bsc", "bba", "ba"],
    "question_variations": [
      "What courses at Green University?",
      "List of programs at GUB?",
      "What degrees offered?",
      "Departments at Green University?",
      "Available programs?"
    ],
    "confidence_score": 1.0,
    "categories": ["programs_courses", "general_info", "departments"],
    "priority": "high"
  },
  {
    "question": "What is the undergraduate admission fee at Green University?",
    "answer": "The admission fee for undergraduate programs at Green University is BDT 15,000 to 20,000 depending on the program. This is a one-time, non-refundable payment. CSE and EEE: BDT 20,000. BBA: BDT 15,000. Other programs: BDT 15,000-18,000.",
    "keywords": ["admission", "fee", "undergraduate", "cost", "enrollment", "bdt", "one-time"],
    "question_variations": [
      "Admission fee at Green University?",
      "How much is enrollment fee?",
      "One-time admission charge?",
      "Admission cost for undergraduate?"
    ],
    "confidence_score": 1.0,
    "categories": ["fees_tuition", "admission", "general_info"],
    "priority": "high"
  },
  {
    "question": "What is the application fee at Green University?",
    "answer": "The application fee at Green University ranges from BDT 500 to 1,000 depending on the program and admission session. This fee is non-refundable and must be paid when submitting your application online or at the admission office.",
    "keywords": ["application", "fee", "apply", "cost", "bdt", "form"],
    "question_variations": [
      "How much to apply?",
      "Application form fee?",
      "Cost to submit application?",
      "Application charge?"
    ],
    "confidence_score": 1.0,
    "categories": ["fees_tuition", "admission", "application_process"],
    "priority": "high"
  },
  {
    "question": "Where is Green University located?",
    "answer": "Green University of Bangladesh is located at: 220/D, Begum Rokeya Sarani, Dhaka-1207, Bangladesh. The campus is in the Mirpur area of Dhaka city. Nearest landmarks: Mirpur-10 Roundabout, Begum Rokeya Sarani main road.",
    "keywords": ["location", "address", "where", "campus", "dhaka", "mirpur", "directions"],
    "question_variations": [
      "Green University address?",
      "Where is GUB located?",
      "Campus location?",
      "How to reach Green University?",
      "University location in Dhaka?"
    ],
    "confidence_score": 1.0,
    "categories": ["contact_info", "campus", "general_info"],
    "priority": "high"
  },
  {
    "question": "What are the general admission requirements for Green University?",
    "answer": "General admission requirements for Green University undergraduate programs: 1) Minimum GPA of 2.5 in both SSC and HSC (or equivalent), 2) Original and photocopy of SSC/HSC certificates and mark sheets, 3) Recent passport-sized photographs (4 copies), 4) National ID or birth certificate copy, 5) Application form and fee payment. Some programs have additional requirements.",
    "keywords": ["admission", "requirements", "eligibility", "gpa", "ssc", "hsc", "qualifications", "general"],
    "question_variations": [
      "What do I need for admission?",
      "Admission eligibility?",
      "Minimum GPA for Green University?",
      "General requirements for enrollment?",
      "Who can apply to GUB?"
    ],
    "confidence_score": 1.0,
    "categories": ["admission", "eligibility", "general_info"],
    "priority": "high"
  },
  {
    "question": "What scholarships are available at Green University?",
    "answer": "Green University offers various scholarships: 1) Merit-based scholarships: 20-100% tuition waiver based on GPA, 2) Need-based financial aid: for economically disadvantaged students, 3) Freedom Fighter Quota: special consideration for children of freedom fighters, 4) Sports scholarships: for talented athletes. Apply through the Financial Aid Office with required documentation.",
    "keywords": ["scholarship", "financial aid", "waiver", "merit", "tuition", "discount", "support"],
    "question_variations": [
      "Scholarships at Green University?",
      "Financial aid available?",
      "How to get tuition waiver?",
      "Merit scholarship?",
      "Fee discount options?"
    ],
    "confidence_score": 1.0,
    "categories": ["scholarships", "financial_aid", "general_info"],
    "priority": "high"
  },
  {
    "question": "What facilities are available at Green University?",
    "answer": "Green University campus facilities include: 1) Modern classrooms with multimedia, 2) Computer labs with high-speed internet, 3) Engineering and science laboratories, 4) Central library with digital resources, 5) Cafeteria, 6) Sports facilities, 7) Student clubs and societies, 8) Wi-Fi coverage across campus, 9) Auditorium for events. Transportation services are also available.",
    "keywords": ["facilities", "campus", "library", "lab", "cafeteria", "wifi", "sports", "amenities"],
    "question_variations": [
      "Campus facilities?",
      "What facilities at GUB?",
      "Does Green University have library?",
      "Labs available?",
      "Cafeteria and sports?"
    ],
    "confidence_score": 1.0,
    "categories": ["campus_facilities", "student_life", "general_info"],
    "priority": "medium"
  },
  {
    "question": "What are the semester dates at Green University?",
    "answer": "Green University follows a semester system: Fall Semester: August/September to December (primary intake). Spring Semester: January to May (secondary intake). Summer Semester: May to August (optional). Each semester is approximately 4 months. Check the academic calendar on the website for exact dates each year.",
    "keywords": ["semester", "dates", "calendar", "fall", "spring", "summer", "schedule", "academic year"],
    "question_variations": [
      "When does semester start?",
      "Academic calendar?",
      "Semester schedule?",
      "Fall and spring dates?",
      "When is admission open?"
    ],
    "confidence_score": 1.0,
    "categories": ["academic_calendar", "semester", "general_info"],
    "priority": "medium"
  },
  {
    "question": "How to enroll at Green University?",
    "answer": "To enroll at Green University: 1) Visit https://green.edu.bd for admission information, 2) Complete online application form, 3) Upload required documents, 4) Pay application fee (BDT 500-1000), 5) Attend entrance exam if required for your program, 6) Receive admission offer, 7) Pay admission and tuition fees, 8) Complete registration. Contact: 01775234234 for assistance.",
    "keywords": ["enroll", "enrollment", "admission", "how to", "apply", "registration", "process", "steps"],
    "question_variations": [
      "How to get admission?",
      "Enrollment process?",
      "Steps to join Green University?",
      "How to apply?",
      "Registration process?"
    ],
    "confidence_score": 1.0,
    "categories": ["admission", "application_process", "enrollment"],
    "priority": "high"
  },
  {
    "question": "What is the library timing at Green University?",
    "answer": "Green University Central Library timing: Sunday to Thursday: 8:30 AM to 8:00 PM. Friday: 2:30 PM to 8:00 PM. Saturday: 9:00 AM to 5:00 PM. Closed on government holidays. Students need their ID card for library access. Digital library resources available 24/7 online.",
    "keywords": ["library", "timing", "hours", "schedule", "open", "when", "access"],
    "question_variations": [
      "Library open hours?",
      "When is library open?",
      "Library schedule?",
      "Library timing on Friday?",
      "Can I access library on weekends?"
    ],
    "confidence_score": 1.0,
    "categories": ["campus_facilities", "library", "general_info"],
    "priority": "medium"
  },
  {
    "question": "Does Green University have hostel facilities?",
    "answer": "Green University provides hostel information and recommendations for students who need accommodation. While on-campus hostel facilities are limited, the university assists students in finding approved nearby accommodations. Contact the Student Affairs Office for hostel guidance and approved housing lists.",
    "keywords": ["hostel", "accommodation", "housing", "dormitory", "stay", "room", "residence"],
    "question_variations": [
      "Hostel available?",
      "Student accommodation?",
      "Where to stay near GUB?",
      "Dormitory facilities?",
      "Housing for students?"
    ],
    "confidence_score": 1.0,
    "categories": ["campus_facilities", "student_life", "housing"],
    "priority": "medium"
  },
  {
    "question": "What is the grading system at Green University?",
    "answer": "Green University follows the standard grading system: A+ (4.00): 80-100%, A (3.75): 75-79%, A- (3.50): 70-74%, B+ (3.25): 65-69%, B (3.00): 60-64%, B- (2.75): 55-59%, C+ (2.50): 50-54%, C (2.25): 45-49%, D (2.00): 40-44%, F (0.00): Below 40%. Minimum CGPA 2.0 required for graduation.",
    "keywords": ["grading", "system", "gpa", "cgpa", "marks", "grades", "percentage", "evaluation"],
    "question_variations": [
      "GPA calculation?",
      "Grading policy?",
      "How are grades calculated?",
      "What is A+ grade?",
      "Minimum CGPA to pass?"
    ],
    "confidence_score": 1.0,
    "categories": ["academic_policy", "grading", "general_info"],
    "priority": "medium"
  },
  {
    "question": "How can I pay tuition fees at Green University?",
    "answer": "Tuition fee payment methods at Green University: 1) Bank payment: Deposit at designated bank branches, 2) Online banking: Transfer to university account, 3) bKash/Nagad: Mobile payment accepted, 4) Cash payment: At university accounts office. Payment deadline: Within first 2 weeks of semester. Late payment may incur additional charges.",
    "keywords": ["payment", "pay", "tuition", "fee", "bank", "bkash", "online", "how to pay", "methods"],
    "question_variations": [
      "How to pay fees?",
      "Payment methods?",
      "Can I pay online?",
      "bKash payment for fees?",
      "Where to pay tuition?"
    ],
    "confidence_score": 1.0,
    "categories": ["fees_tuition", "payment", "general_info"],
    "priority": "high"
  },
  {
    "question": "What is the official website of Green University?",
    "answer": "The official website of Green University of Bangladesh is: https://green.edu.bd. The admission portal can be accessed at: https://admission.green.edu.bd. For latest updates, announcements, and online applications, always visit the official website.",
    "keywords": ["website", "official", "url", "link", "online", "portal", "web address"],
    "question_variations": [
      "GUB website?",
      "Green University website address?",
      "Admission portal link?",
      "Official website URL?",
      "Where to apply online?"
    ],
    "confidence_score": 1.0,
    "categories": ["contact_info", "general_info", "online"],
    "priority": "high"
  }
]
